date,symbol,reportedCurrency,cik,fillingDate,acceptedDate,calendarYear,period,netIncome,depreciationAndAmortization,deferredIncomeTax,stockBasedCompensation,changeInWorkingCapital,accountsReceivables,inventory,accountsPayables,otherWorkingCapital,otherNonCashItems,netCashProvidedByOperatingActivities,investmentsInPropertyPlantAndEquipment,acquisitionsNet,purchasesOfInvestments,salesMaturitiesOfInvestments,otherInvestingActivites,netCashUsedForInvestingActivites,debtRepayment,commonStockIssued,commonStockRepurchased,dividendsPaid,otherFinancingActivites,netCashUsedProvidedByFinancingActivities,effectOfForexChangesOnCash,netChangeInCash,cashAtEndOfPeriod,cashAtBeginningOfPeriod,operatingCashFlow,capitalExpenditure,freeCashFlow,link,finalLink
2022-12-31,MSFT,USD,0000789019,2023-01-24,2023-01-24 16:34:20,2023,Q2,16425000000,3648000000,-1305000000,2538000000,-10347000000,-3164000000,1305000000,-2058000000,-8049000000,214000000,11173000000,-6274000000,-679000000,-11599000000,11703000000,-301000000,-7150000000,-750000000,243000000,-5459000000,-5066000000,-317000000,-11349000000,88000000,-7238000000,15646000000,22884000000,11173000000,-6274000000,4899000000,https://www.sec.gov/Archives/edgar/data/789019/000156459023000733/0001564590-23-000733-index.htm,https://www.sec.gov/Archives/edgar/data/789019/000156459023000733/msft-10q_20221231.htm
2022-09-30,MSFT,USD,0000789019,2022-10-25,2022-10-25 16:08:55,2023,Q1,17556000000,2790000000,-1191000000,2192000000,1873000000,11729000000,-543000000,-1567000000,-2912000000,-22000000,23198000000,-6283000000,-349000000,-5013000000,9373000000,-860000000,-3132000000,-1000000000,575000000,-5573000000,-4621000000,-264000000,-10883000000,-230000000,8953000000,22884000000,13931000000,23198000000,-6283000000,16915000000,https://www.sec.gov/Archives/edgar/data/789019/000156459022035087/0001564590-22-035087-index.htm,https://www.sec.gov/Archives/edgar/data/789019/000156459022035087/msft-10q_20220930.htm
2022-06-30,MSFT,USD,0000789019,2022-07-28,2022-07-28 16:06:19,2022,Q4,16740000000,3979000000,283000000,1997000000,1473000000,-12634000000,-461000000,2659000000,11555000000,157000000,24629000000,-6871000000,-1263000000,-4919000000,4462000000,-1138000000,-9729000000,0,461000000,-8757000000,-4632000000,-341000000,-13269000000,-198000000,1433000000,13931000000,12498000000,24629000000,-6871000000,17758000000,https://www.sec.gov/Archives/edgar/data/789019/000156459022026876/0001564590-22-026876-index.htm,https://www.sec.gov/Archives/edgar/data/789019/000156459022026876/msft-10k_20220630.htm
2022-03-31,MSFT,USD,0000789019,2022-04-26,2022-04-26 16:08:55,2022,Q3,16728000000,3773000000,-198000000,1906000000,3072000000,857000000,-279000000,520000000,882000000,105000000,25386000000,-5340000000,-18719000000,-8723000000,17792000000,-1181000000,-16171000000,-4197000000,477000000,-8822000000,-4645000000,-158000000,-17345000000,24000000,-8106000000,12498000000,20604000000,25386000000,-5340000000,20046000000,https://www.sec.gov/Archives/edgar/data/789019/000156459022015675/0001564590-22-015675-index.htm,https://www.sec.gov/Archives/edgar/data/789019/000156459022015675/msft-10q_20220331.htm
2021-12-31,MSFT,USD,0000789019,2022-01-25,2022-01-25 16:09:04,2022,Q2,18765000000,3496000000,183000000,1897000000,-9554000000,-5543000000,394000000,235000000,-6400000000,-307000000,14480000000,-5865000000,-850000000,-2505000000,8148000000,-89000000,-1161000000,0,291000000,-7433000000,-4652000000,-192000000,-11986000000,106000000,1439000000,20604000000,19165000000,14480000000,-5865000000,8615000000,https://www.sec.gov/Archives/edgar/data/789019/000156459022002324/0001564590-22-002324-index.htm,https://www.sec.gov/Archives/edgar/data/789019/000156459022002324/msft-10q_20211231.htm
2021-09-30,MSFT,USD,0000789019,2021-10-26,2021-10-26 16:11:30,2022,Q1,20505000000,3212000000,-5970000000,1702000000,5455000000,10486000000,-777000000,-471000000,-232000000,-364000000,24540000000,-5810000000,-1206000000,-10309000000,14492000000,-417000000,-3250000000,-4826000000,612000000,-7684000000,-4206000000,-172000000,-16276000000,-73000000,4941000000,19165000000,14224000000,24540000000,-5810000000,18730000000,https://www.sec.gov/Archives/edgar/data/789019/000156459021051992/0001564590-21-051992-index.htm,https://www.sec.gov/Archives/edgar/data/789019/000156459021051992/msft-10q_20210930.htm
2021-06-30,MSFT,USD,0000789019,2021-07-29,2021-07-29 16:21:55,2021,Q4,16458000000,3344000000,-34000000,1571000000,1787000000,-11606000000,-388000000,1617000000,11365000000,-416000000,22710000000,-6452000000,-501000000,-14877000000,10543000000,434000000,-10853000000,0,450000000,-7177000000,-4214000000,-430000000,-11371000000,36000000,522000000,14224000000,13702000000,22710000000,-6452000000,16258000000,https://www.sec.gov/Archives/edgar/data/789019/000156459021039151/0001564590-21-039151-index.htm,https://www.sec.gov/Archives/edgar/data/789019/000156459021039151/msft-10k_20210630.htm
2021-03-31,MSFT,USD,0000789019,2021-04-27,2021-04-27 16:09:38,2021,Q3,15457000000,2936000000,-88000000,1525000000,2700000000,290000000,-329000000,833000000,601000000,-351000000,22179000000,-5089000000,-7512000000,-18375000000,20892000000,400000000,-9684000000,-500000000,396000000,-6930000000,-4221000000,-1937000000,-13192000000,-33000000,-730000000,13702000000,14432000000,22179000000,-5089000000,17090000000,https://www.sec.gov/Archives/edgar/data/789019/000156459021020891/0001564590-21-020891-index.htm,https://www.sec.gov/Archives/edgar/data/789019/000156459021020891/msft-10q_20210331.htm
2020-12-31,MSFT,USD,0000789019,2021-01-26,2021-01-26 16:09:34,2021,Q2,15463000000,2761000000,-17000000,1566000000,-6903000000,-4008000000,788000000,33000000,-5595000000,-354000000,12516000000,-4174000000,-415000000,-15092000000,17685000000,327000000,-1669000000,-3250000000,302000000,-6535000000,-4230000000,79000000,-13634000000,14000000,-2773000000,14432000000,17205000000,12516000000,-4174000000,8342000000,https://www.sec.gov/Archives/edgar/data/789019/000156459021002316/0001564590-21-002316-index.htm,https://www.sec.gov/Archives/edgar/data/789019/000156459021002316/msft-10q_20201231.htm
2020-09-30,MSFT,USD,0000789019,2020-10-27,2020-10-27 16:21:58,2021,Q1,13893000000,2645000000,-11000000,1456000000,1480000000,8843000000,-808000000,315000000,-4047000000,-128000000,19335000000,-4907000000,-481000000,-14580000000,16680000000,-2083000000,-5371000000,0,545000000,-6743000000,-3856000000,-235000000,-10289000000,-46000000,3629000000,17205000000,13576000000,19335000000,-4907000000,14428000000,https://www.sec.gov/Archives/edgar/data/789019/000156459020047996/0001564590-20-047996-index.htm,https://www.sec.gov/Archives/edgar/data/789019/000156459020047996/msft-10q_20200930.htm
2020-06-30,MSFT,USD,0000789019,2020-07-30,2020-07-30 20:44:46,2020,Q4,11202000000,3504000000,-142000000,1349000000,2839000000,-9355000000,-251000000,3026000000,8776000000,-79000000,18673000000,-4744000000,-1650000000,-18879000000,22052000000,-1241000000,-4462000000,0,340000000,-5791000000,-3865000000,-2946000000,-12262000000,-83000000,1866000000,13576000000,11710000000,18673000000,-4744000000,13929000000,https://www.sec.gov/Archives/edgar/data/789019/000156459020034944/0001564590-20-034944-index.htm,https://www.sec.gov/Archives/edgar/data/789019/000156459020034944/msft-10k_20200630.htm
2020-03-31,MSFT,USD,0000789019,2020-04-29,2020-04-29 16:11:11,2020,Q3,10752000000,3118000000,559000000,1338000000,1685000000,891000000,181000000,546000000,-736000000,52000000,17504000000,-3767000000,-329000000,-15910000000,20057000000,0,51000000,-3000000000,342000000,-7059000000,-3876000000,-1052000000,-14645000000,-64000000,2846000000,11710000000,8864000000,17504000000,-3767000000,13737000000,https://www.sec.gov/Archives/edgar/data/789019/000156459020019706/0001564590-20-019706-index.htm,https://www.sec.gov/Archives/edgar/data/789019/000156459020019706/msft-10q_20200331.htm
2019-12-31,MSFT,USD,0000789019,2020-01-29,2020-01-29 16:08:43,2020,Q2,11649000000,3203000000,-524000000,1340000000,-4785000000,-4203000000,799000000,-7000000,-2936000000,-203000000,10680000000,-3545000000,-80000000,-19011000000,16600000000,0,-6036000000,-18000000,234000000,-5206000000,-3886000000,-39000000,-8915000000,18000000,-4253000000,8864000000,13117000000,10680000000,-3545000000,7135000000,https://www.sec.gov/Archives/edgar/data/789019/000156459020002450/0001564590-20-002450-index.htm,https://www.sec.gov/Archives/edgar/data/789019/000156459020002450/msft-10q_20191231.htm
2019-09-30,MSFT,USD,0000789019,2019-10-23,2019-10-23 16:09:48,2020,Q1,10678000000,2971000000,-3513000000,1262000000,2409000000,10090000000,-561000000,-547000000,-2892000000,11000000,13818000000,-3385000000,-462000000,-23390000000,25461000000,0,-1776000000,-2500000000,427000000,-4912000000,-3510000000,286000000,-10209000000,-72000000,1761000000,13117000000,11356000000,13818000000,-3385000000,10433000000,https://www.sec.gov/Archives/edgar/data/789019/000156459019037549/0001564590-19-037549-index.htm,https://www.sec.gov/Archives/edgar/data/789019/000156459019027952/msft-10k_20190630.htm
2019-06-30,MSFT,USD,0000789019,2019-08-01,2019-08-01 16:09:55,2019,Q4,13187000000,2924000000,-1915000000,1190000000,1044000000,-10070000000,-113000000,1264000000,9005000000,-322000000,16108000000,-4051000000,-281000000,-15442000000,12517000000,0,-7257000000,-1000000000,308000000,-4633000000,-3521000000,160000000,-8686000000,-21000000,144000000,11356000000,11212000000,16108000000,-4051000000,12057000000,https://www.sec.gov/Archives/edgar/data/789019/000156459019027952/0001564590-19-027952-index.htm,https://www.sec.gov/Archives/edgar/data/789019/000156459019027952/msft-10k_20190630.htm
2019-03-31,MSFT,USD,0000789019,2019-04-24,2019-04-24 16:10:10,2019,Q3,8809000000,2926000000,-44000000,1172000000,752000000,460000000,12000000,-197000000,20000000,-95000000,13520000000,-2565000000,-269000000,-5846000000,7317000000,0,-1363000000,0,274000000,-4753000000,-3526000000,404000000,-7601000000,18000000,4574000000,11212000000,6638000000,13520000000,-2565000000,10955000000,https://www.sec.gov/Archives/edgar/data/789019/000156459019012709/0001564590-19-012709-index.htm,https://www.sec.gov/Archives/edgar/data/789019/000156459019012709/msft-10q_20190331.htm
2018-12-31,MSFT,USD,0000789019,2019-01-30,2019-01-30 16:09:56,2019,Q2,8420000000,2995000000,-237000000,1183000000,-3326000000,-2396000000,1654000000,-440000000,-2122000000,-135000000,8900000000,-3707000000,-1593000000,-16858000000,17958000000,0,-4200000000,-3000000000,200000000,-6413000000,-3544000000,-459000000,-13216000000,17000000,-8499000000,6638000000,15137000000,8900000000,-3707000000,5193000000,https://www.sec.gov/Archives/edgar/data/789019/000156459019001392/0001564590-19-001392-index.htm,https://www.sec.gov/Archives/edgar/data/789019/000156459019001392/msft-10q_20181231.htm
2018-09-30,MSFT,USD,0000789019,2018-10-24,2018-10-24 16:13:07,2019,Q1,8824000000,2837000000,-1338000000,1107000000,2467000000,9194000000,-956000000,-395000000,-2441000000,-240000000,13657000000,-3602000000,-245000000,-19551000000,20445000000,0,-2953000000,0,360000000,-3744000000,-3220000000,-780000000,-7384000000,-129000000,3191000000,15137000000,11946000000,13657000000,-3602000000,10055000000,https://www.sec.gov/Archives/edgar/data/789019/000156459018024893/0001564590-18-024893-index.htm,https://www.sec.gov/Archives/edgar/data/789019/000156459018019062/msft-10k_20180630.htm
2018-06-30,MSFT,USD,0000789019,2018-08-03,2018-08-03 11:03:33,2018,Q4,8873000000,2516000000,-1486000000,1012000000,1070000000,-9188000000,-572000000,1010000000,8702000000,-567000000,11418000000,-3980000000,-434000000,-32380000000,34132000000,-8000000,-2670000000,-681000000,255000000,-2362000000,-3226000000,-25000000,-6039000000,16000000,2725000000,11946000000,9221000000,11418000000,-3980000000,7438000000,https://www.sec.gov/Archives/edgar/data/789019/000156459018019062/0001564590-18-019062-index.htm,https://www.sec.gov/Archives/edgar/data/789019/000156459018019062/msft-10k_20180630.htm
2018-03-31,MSFT,USD,0000789019,2018-04-26,2018-04-26 16:10:21,2018,Q3,7424000000,2710000000,249000000,969000000,1237000000,1285000000,-75000000,-393000000,91000000,-438000000,12151000000,-2934000000,-248000000,-26885000000,33930000000,-19000000,3844000000,-4883000000,251000000,-3781000000,-3232000000,-8013000000,-19658000000,25000000,-3638000000,9221000000,12859000000,12151000000,-2934000000,9217000000,https://www.sec.gov/Archives/edgar/data/789019/000156459018009307/0001564590-18-009307-index.htm,https://www.sec.gov/Archives/edgar/data/789019/000156459018009307/msft-10q_20180331.htm
2017-12-31,MSFT,USD,0000789019,2018-01-31,2018-01-31 16:10:10,2018,Q2,-6302000000,2536000000,13669000000,986000000,-2330000000,-3908000000,1205000000,938000000,-1065000000,-684000000,7875000000,-2586000000,-27000000,-45154000000,47613000000,-177000000,-331000000,-3327000000,189000000,-2008000000,-3238000000,6832000000,-1552000000,-17000000,5975000000,12859000000,6884000000,7875000000,-2586000000,5289000000,https://www.sec.gov/Archives/edgar/data/789019/000156459018001129/0001564590-18-001129-index.htm,https://www.sec.gov/Archives/edgar/data/789019/000156459018001129/msft-10q_20171231.htm
2017-09-30,MSFT,USD,0000789019,2017-10-26,2017-10-26 16:08:58,2018,Q1,6576000000,2499000000,-53000000,973000000,2968000000,7949000000,-1023000000,-407000000,-1806000000,-523000000,12440000000,-2132000000,-179000000,-32961000000,28262000000,106000000,-6904000000,-1169000000,307000000,-2570000000,-3003000000,94000000,-6341000000,26000000,-779000000,6884000000,7663000000,12440000000,-2132000000,10308000000,https://www.sec.gov/Archives/edgar/data/789019/000156459017020171/0001564590-17-020171-index.htm,https://www.sec.gov/Archives/edgar/data/789019/000156459017014900/msft-10k_20170630.htm
2017-06-30,MSFT,USD,0000789019,2017-08-02,2017-08-02 16:15:01,2017,Q4,6513000000,2343000000,-1947000000,913000000,19948000000,-6875000000,-199000000,850000000,24992000000,-16765000000,11005000000,-2283000000,-358000000,-29031000000,24406000000,-103000000,-7369000000,-3368000000,221000000,-1765000000,-3009000000,5220000000,-2701000000,15000000,950000000,7663000000,6713000000,11005000000,-2283000000,8722000000,https://www.sec.gov/Archives/edgar/data/789019/000156459017014900/0001564590-17-014900-index.htm,https://www.sec.gov/Archives/edgar/data/789019/000156459017014900/msft-10k_20170630.htm
2017-03-31,MSFT,USD,0000789019,2017-04-27,2017-04-27 16:16:04,2017,Q3,4801000000,2453000000,-777000000,883000000,18831000000,1487000000,-16000000,-425000000,15995000000,-15531000000,10660000000,-1695000000,-802000000,-43918000000,41304000000,-1080000000,-6191000000,-211000000,179000000,-2062000000,-3012000000,-1130000000,-6236000000,12000000,-1755000000,6713000000,8468000000,10660000000,-1695000000,8965000000,https://www.sec.gov/Archives/edgar/data/789019/000156459017007547/0001564590-17-007547-index.htm,https://www.sec.gov/Archives/edgar/data/789019/000156459017007547/msft-10q_20170331.htm
2016-12-31,MSFT,USD,0000789019,2017-01-26,2017-01-26 16:13:28,2017,Q2,5200000000,2166000000,-587000000,767000000,13044000000,-2711000000,1132000000,99000000,14141000000,-14297000000,6293000000,-1988000000,-24760000000,-46775000000,57702000000,1070000000,-14751000000,-4118000000,131000000,-3599000000,-3024000000,13626000000,3016000000,-18000000,-5460000000,8468000000,13928000000,6293000000,-1988000000,4305000000,https://www.sec.gov/Archives/edgar/data/789019/000156459017000654/0001564590-17-000654-index.htm,https://www.sec.gov/Archives/edgar/data/789019/000156459017000654/msft-10q_20161231.htm
2016-09-30,MSFT,USD,0000789019,2016-10-20,2016-10-20 16:10:25,2017,Q1,4690000000,1816000000,15000000,703000000,17540000000,7174000000,-867000000,-443000000,12583000000,-13215000000,11549000000,-2163000000,-24000000,-57181000000,40982000000,-84000000,-18470000000,-225000000,241000000,-4362000000,-2800000000,21475000000,14329000000,10000000,7418000000,13928000000,6510000000,11549000000,-2163000000,9386000000,https://www.sec.gov/Archives/edgar/data/789019/000119312516742796/0001193125-16-742796-index.htm,https://www.sec.gov/Archives/edgar/data/789019/000119312516662209/d187868d10k.htm
2016-06-30,MSFT,USD,0000789019,2016-07-28,2016-07-28 16:12:18,2016,Q4,3122000000,1910000000,155000000,664000000,15426000000,-6076000000,192000000,-17000000,21006000000,-12813000000,8464000000,-2655000000,-63000000,-30097000000,22820000000,-78000000,-10073000000,-25000000,173000000,-3677000000,-2821000000,7321000000,971000000,-22000000,-660000000,6510000000,7170000000,8464000000,-2655000000,5809000000,https://www.sec.gov/Archives/edgar/data/789019/000119312516662209/0001193125-16-662209-index.htm,https://www.sec.gov/Archives/edgar/data/789019/000119312516662209/d187868d10k.htm
2016-03-31,MSFT,USD,0000789019,2016-04-21,2016-04-21 16:10:33,2016,Q3,3756000000,1707000000,351000000,672000000,16026000000,2288000000,241000000,-129000000,13073000000,-12145000000,10367000000,-2308000000,-559000000,-27341000000,24791000000,-66000000,-5483000000,-900000000,159000000,-3857000000,-2842000000,2524000000,-4916000000,17000000,-15000000,7170000000,7185000000,10367000000,-2308000000,8059000000,https://www.sec.gov/Archives/edgar/data/789019/000119312516550254/0001193125-16-550254-index.htm,https://www.sec.gov/Archives/edgar/data/789019/000119312516550254/d256147d10q.htm
2015-12-31,MSFT,USD,0000789019,2016-01-28,2016-01-28 16:11:24,2016,Q2,4998000000,1544000000,-247000000,658000000,10544000000,-3118000000,1104000000,369000000,12570000000,-11899000000,5598000000,-2024000000,-381000000,-34750000000,33542000000,285000000,-3328000000,-121000000,117000000,-3678000000,-2868000000,6052000000,-498000000,-18000000,1754000000,7185000000,5431000000,5598000000,-2024000000,3574000000,https://www.sec.gov/Archives/edgar/data/789019/000119312516441821/0001193125-16-441821-index.htm,https://www.sec.gov/Archives/edgar/data/789019/000119312516441821/d15167d10q.htm
2015-09-30,MSFT,USD,0000789019,2015-10-22,2015-10-22 16:10:04,2016,Q1,4620000000,1461000000,73000000,674000000,13302000000,6376000000,-937000000,-135000000,10423000000,-11536000000,8594000000,-1356000000,-390000000,-37570000000,34188000000,62000000,-5066000000,-1750000000,219000000,-4757000000,-2475000000,5115000000,-3648000000,-44000000,-164000000,5431000000,5595000000,8594000000,-1356000000,7238000000,https://www.sec.gov/Archives/edgar/data/789019/000119312515350718/0001193125-15-350718-index.htm,https://www.sec.gov/Archives/edgar/data/789019/000119312515272806/d918813d10k.htm
2015-06-30,MSFT,USD,0000789019,2015-07-31,2015-07-31 15:07:52,2015,Q4,-3195000000,1493000000,-644000000,654000000,12880000000,-5448000000,-429000000,-142000000,16687000000,-4372000000,6816000000,-1781000000,-626000000,-25259000000,22602000000,-3000000,-5067000000,0,151000000,-4279000000,-2496000000,3053000000,-3571000000,3000000,-1819000000,5595000000,7414000000,6816000000,-1781000000,5035000000,https://www.sec.gov/Archives/edgar/data/789019/000119312515272806/0001193125-15-272806-index.htm,https://www.sec.gov/Archives/edgar/data/789019/000119312515272806/d918813d10k.htm
2015-03-31,MSFT,USD,0000789019,2015-04-23,2015-04-23 16:09:01,2015,Q3,4985000000,1515000000,253000000,641000000,13471000000,3655000000,-430000000,-390000000,10163000000,-11295000000,9570000000,-1391000000,-162000000,-30218000000,26624000000,-334000000,-5481000000,0,146000000,-5131000000,-2532000000,4452000000,-3065000000,-36000000,988000000,7414000000,6426000000,9570000000,-1391000000,8179000000,https://www.sec.gov/Archives/edgar/data/789019/000119312515144151/0001193125-15-144151-index.htm,https://www.sec.gov/Archives/edgar/data/789019/000119312515144151/d860721d10q.htm
2014-12-31,MSFT,USD,0000789019,2015-01-26,2015-01-26 16:13:49,2015,Q2,5863000000,1521000000,314000000,633000000,7705000000,-3378000000,1070000000,137000000,10200000000,-11696000000,4340000000,-1490000000,-2794000000,-19167000000,18497000000,238000000,-4716000000,0,121000000,-2145000000,-2547000000,5105000000,534000000,-34000000,124000000,6426000000,6302000000,4340000000,-1490000000,2850000000,https://www.sec.gov/Archives/edgar/data/789019/000119312515020351/0001193125-15-020351-index.htm,https://www.sec.gov/Archives/edgar/data/789019/000119312515020351/d827041d10q.htm
2014-09-30,MSFT,USD,0000789019,2014-10-23,2014-10-23 16:16:17,2015,Q1,4540000000,1428000000,301000000,646000000,12529000000,6627000000,-483000000,-659000000,8022000000,-11090000000,8354000000,-1282000000,-141000000,-24085000000,18138000000,-367000000,-7737000000,-1500000000,216000000,-2888000000,-2307000000,3501000000,-2978000000,-6000000,-2367000000,6302000000,8669000000,8354000000,-1282000000,7072000000,https://www.sec.gov/Archives/edgar/data/789019/000119312514380252/0001193125-14-380252-index.htm,https://www.sec.gov/Archives/edgar/data/789019/000119312514289961/d722626d10k.htm
2014-06-30,MSFT,USD,0000789019,2014-07-31,2014-07-31 17:16:52,2014,Q4,4612000000,1742000000,-369000000,618000000,14489000000,-5363000000,-199000000,863000000,16869000000,-11578000000,9514000000,-1330000000,-5626000000,-23473000000,21755000000,-236000000,-8910000000,-2000000000,146000000,-1170000000,-2309000000,2024000000,-3309000000,-198000000,-2903000000,8669000000,11572000000,9514000000,-1330000000,8184000000,https://www.sec.gov/Archives/edgar/data/789019/000119312514289961/0001193125-14-289961-index.htm,https://www.sec.gov/Archives/edgar/data/789019/000119312514289961/d722626d10k.htm
2014-03-31,MSFT,USD,0000789019,2014-04-24,2014-04-24 16:06:04,2014,Q3,5660000000,1255000000,-190000000,602000000,12973000000,2501000000,-324000000,-716000000,10175000000,-10201000000,10099000000,-1192000000,-157000000,-21323000000,18342000000,46000000,-4284000000,-300000000,141000000,-1845000000,-2322000000,22000000,-4304000000,2000000,1513000000,11572000000,10059000000,10099000000,-1192000000,8907000000,https://www.sec.gov/Archives/edgar/data/789019/000119312514157088/0001193125-14-157088-index.htm,https://www.sec.gov/Archives/edgar/data/789019/000119312514157088/d695543d10q.htm
2013-12-31,MSFT,USD,0000789019,2014-01-23,2014-01-23 16:08:44,2014,Q2,6558000000,1261000000,-176000000,591000000,6730000000,-4875000000,1029000000,602000000,9845000000,-10551000000,4413000000,-1732000000,-139000000,-13126000000,13805000000,167000000,-1025000000,-588000000,117000000,-2113000000,-2332000000,7531000000,2615000000,33000000,6036000000,10059000000,4023000000,4413000000,-1732000000,2681000000,https://www.sec.gov/Archives/edgar/data/789019/000119312514018634/0001193125-14-018634-index.htm,https://www.sec.gov/Archives/edgar/data/789019/000119312514018634/d635047d10q.htm
2013-09-30,MSFT,USD,0000789019,2013-10-24,2013-10-24 16:08:05,2014,Q1,5244000000,954000000,404000000,635000000,10757000000,6617000000,-667000000,-276000000,7436000000,-9789000000,8205000000,-1231000000,-15000000,-14768000000,11464000000,-64000000,-4614000000,-1000000000,203000000,-2188000000,-1916000000,1505000000,-3396000000,24000000,219000000,4023000000,3804000000,8205000000,-1231000000,6974000000,https://www.sec.gov/Archives/edgar/data/789019/000119312513409855/0001193125-13-409855-index.htm,https://www.sec.gov/Archives/edgar/data/789019/000119312513310206/d527745d10k.htm
2013-06-30,MSFT,USD,0000789019,2013-07-30,2013-07-30 16:14:49,2013,Q4,4965000000,983000000,-423000000,601000000,10764000000,-5666000000,187000000,486000000,15621000000,-10987000000,5903000000,-1794000000,-20000000,-27024000000,22918000000,81000000,-5839000000,-1346000000,166000000,-1042000000,-1921000000,2674000000,-1469000000,-31000000,-1436000000,3804000000,5240000000,5903000000,-1794000000,4109000000,https://www.sec.gov/Archives/edgar/data/789019/000119312513310206/0001193125-13-310206-index.htm,https://www.sec.gov/Archives/edgar/data/789019/000119312513310206/d527745d10k.htm
2013-03-31,MSFT,USD,0000789019,2013-04-18,2013-04-18 16:07:37,2013,Q3,6055000000,1053000000,226000000,599000000,13390000000,2191000000,-483000000,-67000000,9686000000,-11657000000,9666000000,-930000000,-108000000,-18160000000,10995000000,543000000,-7660000000,0,203000000,-1028000000,-1925000000,6000000,-2744000000,-39000000,-777000000,5240000000,6017000000,9666000000,-930000000,8736000000,https://www.sec.gov/Archives/edgar/data/789019/000119312513160748/0001193125-13-160748-index.htm,https://www.sec.gov/Archives/edgar/data/789019/000119312513160748/d497226d10q.htm
2012-12-31,MSFT,USD,0000789019,2013-01-24,2013-01-24 16:10:59,2013,Q2,6377000000,1009000000,140000000,603000000,7121000000,-4488000000,-33000000,685000000,10737000000,-10470000000,4780000000,-930000000,-311000000,-10074000000,9115000000,-393000000,-2593000000,0,145000000,-1658000000,-1933000000,2225000000,-1221000000,15000000,981000000,6017000000,5036000000,4780000000,-930000000,3850000000,https://www.sec.gov/Archives/edgar/data/789019/000119312513022207/0001193125-13-022207-index.htm,https://www.sec.gov/Archives/edgar/data/789019/000119312513022207/d453668d10q.htm
2012-09-30,MSFT,USD,0000789019,2012-10-18,2012-10-18 16:04:23,2013,Q1,4466000000,710000000,38000000,603000000,11603000000,6156000000,-473000000,-567000000,8209000000,-8936000000,8484000000,-603000000,-1145000000,-20138000000,14566000000,-399000000,-7719000000,0,417000000,-1632000000,-1676000000,177000000,-2714000000,47000000,-1902000000,5036000000,6938000000,8484000000,-603000000,7881000000,https://www.sec.gov/Archives/edgar/data/789019/000119312512427209/0001193125-12-427209-index.htm,https://www.sec.gov/Archives/edgar/data/789019/000119312512316848/d347676d10k.htm
2012-06-30,MSFT,USD,0000789019,2012-07-26,2012-07-26 16:12:48,2012,Q4,-492000000,797000000,672000000,520000000,31301000000,-5007000000,263000000,349000000,35698000000,-25121000000,7677000000,-622000000,-526000000,-11953000000,8833000000,-394000000,-4662000000,0,278000000,-1030000000,-1678000000,9000000,-2421000000,-44000000,550000000,6938000000,6388000000,7677000000,-622000000,7055000000,https://www.sec.gov/Archives/edgar/data/789019/000119312512316848/0001193125-12-316848-index.htm,https://www.sec.gov/Archives/edgar/data/789019/000119312512316848/d347676d10k.htm
2012-03-31,MSFT,USD,0000789019,2012-04-19,2012-04-19 16:06:08,2012,Q3,5108000000,766000000,-134000000,591000000,11488000000,2770000000,-50000000,-114000000,8142000000,-8225000000,9594000000,-749000000,-84000000,-23951000000,12182000000,361000000,-12241000000,0,1091000000,-1023000000,-1683000000,10000000,-1605000000,30000000,-4222000000,6388000000,10610000000,9594000000,-749000000,8845000000,https://www.sec.gov/Archives/edgar/data/789019/000119312512170665/0001193125-12-170665-index.htm,https://www.sec.gov/Archives/edgar/data/789019/000119312512170665/d313493d10q.htm
2011-12-31,MSFT,USD,0000789019,2012-01-19,2012-01-19 16:09:07,2012,Q2,6624000000,678000000,14000000,575000000,6144000000,-3652000000,891000000,176000000,7544000000,-8173000000,5862000000,-498000000,-8627000000,-10047000000,13896000000,-292000000,-5568000000,0,208000000,-1042000000,-1683000000,4000000,-2513000000,-52000000,-2271000000,10610000000,12881000000,5862000000,-498000000,5364000000,https://www.sec.gov/Archives/edgar/data/789019/000119312512017029/0001193125-12-017029-index.htm,https://www.sec.gov/Archives/edgar/data/789019/000119312512017029/d266753d10q.htm
2011-09-30,MSFT,USD,0000789019,2011-10-20,2011-10-20 16:08:23,2012,Q1,5738000000,726000000,402000000,558000000,2683000000,4733000000,-920000000,-442000000,45000000,-1614000000,8493000000,-436000000,-875000000,-11299000000,10361000000,-66000000,-2315000000,0,336000000,-1934000000,-1341000000,70000000,-2869000000,-38000000,3271000000,12881000000,9610000000,8493000000,-436000000,8057000000,https://www.sec.gov/Archives/edgar/data/789019/000119312511276022/0001193125-11-276022-index.htm,https://www.sec.gov/Archives/edgar/data/789019/000119312511200680/d10k.htm
2011-06-30,MSFT,USD,0000789019,2011-07-28,2011-07-28 14:59:09,2011,Q4,5874000000,689000000,326000000,544000000,-5653000000,-4886000000,-303000000,293000000,-13000000,4162000000,5942000000,-642000000,-2000000,-8286000000,9043000000,-1063000000,-950000000,0,180000000,-1256000000,-1350000000,3000000,-2423000000,20000000,2589000000,9610000000,7021000000,5942000000,-642000000,5300000000,https://www.sec.gov/Archives/edgar/data/789019/000119312511200680/0001193125-11-200680-index.htm,https://www.sec.gov/Archives/edgar/data/789019/000119312511200680/d10k.htm
2011-03-31,MSFT,USD,0000789019,2011-04-28,2011-04-28 16:09:30,2011,Q3,5232000000,720000000,-59000000,541000000,2775000000,3031000000,-170000000,-51000000,346000000,-537000000,8672000000,-658000000,0,-14394000000,8024000000,-111000000,-7139000000,186000000,1405000000,-848000000,-1349000000,2043000000,1437000000,28000000,2998000000,7021000000,4023000000,8672000000,-658000000,8014000000,https://www.sec.gov/Archives/edgar/data/789019/000119312511115186/0001193125-11-115186-index.htm,https://www.sec.gov/Archives/edgar/data/789019/000119312511115186/d10q.htm
2010-12-31,MSFT,USD,0000789019,2011-01-27,2011-01-27 16:00:33,2011,Q2,6634000000,663000000,-117000000,553000000,-2850000000,-3270000000,380000000,216000000,401000000,-697000000,4186000000,-491000000,-69000000,-5896000000,4439000000,447000000,-1570000000,-1000000000,660000000,-5052000000,-1363000000,4000000,-6751000000,-3000000,-4138000000,4023000000,8161000000,4186000000,-491000000,3695000000,https://www.sec.gov/Archives/edgar/data/789019/000119312511015947/0001193125-11-015947-index.htm,https://www.sec.gov/Archives/edgar/data/789019/000119312511015947/d10q.htm
2010-09-30,MSFT,USD,0000789019,2010-10-28,2010-10-28 16:36:15,2011,Q1,5410000000,694000000,-148000000,528000000,2725000000,3674000000,-468000000,-400000000,622000000,-1015000000,8194000000,-564000000,0,-7417000000,2297000000,727000000,-4957000000,-814000000,177000000,-4399000000,-1118000000,5515000000,-639000000,58000000,2656000000,8161000000,5505000000,8194000000,-564000000,7630000000,https://www.sec.gov/Archives/edgar/data/789019/000119312510239825/0001193125-10-239825-index.htm,https://www.sec.gov/Archives/edgar/data/789019/000119312510171791/d10k.htm
2010-06-30,MSFT,USD,0000789019,2010-07-30,2010-07-30 11:30:38,2010,Q4,4518000000,718000000,-483000000,482000000,27009000000,-4144000000,0,0,28503000000,-26640000000,5604000000,-758000000,0,-4174000000,2315000000,-1502000000,-4119000000,-642000000,874000000,-3839000000,-1130000000,639000000,-4098000000,-37000000,-2650000000,5505000000,8155000000,5604000000,-758000000,4846000000,https://www.sec.gov/Archives/edgar/data/789019/000119312510171791/0001193125-10-171791-index.htm,https://www.sec.gov/Archives/edgar/data/789019/000119312510171791/d10k.htm
2010-03-31,MSFT,USD,0000789019,2010-04-22,2010-04-22 16:18:52,2010,Q3,4006000000,694000000,-241000000,481000000,2843000000,1947000000,0,0,283000000,-390000000,7393000000,-408000000,-143000000,-11217000000,5864000000,0,-5904000000,-851000000,436000000,-2023000000,-1139000000,851000000,-2726000000,-30000000,-1267000000,8155000000,9422000000,7393000000,-408000000,6985000000,https://www.sec.gov/Archives/edgar/data/789019/000119312510090116/0001193125-10-090116-index.htm,https://www.sec.gov/Archives/edgar/data/789019/000119312510090116/d10q.htm
2009-12-31,MSFT,USD,0000789019,2010-01-28,2010-01-28 16:11:45,2010,Q2,6662000000,615000000,550000000,485000000,-940000000,-2789000000,558000000,3000000,320000000,-2403000000,4969000000,-376000000,-63000000,-4287000000,5257000000,-623000000,-92000000,-1048000000,729000000,-3867000000,-1152000000,1061000000,-4277000000,-1000000,599000000,9422000000,8823000000,4969000000,-376000000,4593000000,https://www.sec.gov/Archives/edgar/data/789019/000119312510015598/0001193125-10-015598-index.htm,https://www.sec.gov/Archives/edgar/data/789019/000119312510015598/d10q.htm
2009-09-30,MSFT,USD,0000789019,2009-10-23,2009-10-23 08:34:21,2010,Q1,3574000000,646000000,-46000000,443000000,1123000000,2748000000,0,0,268000000,367000000,6107000000,-435000000,-39000000,-10490000000,9765000000,0,-1199000000,-823000000,257000000,-1540000000,-1157000000,1073000000,-2190000000,29000000,2747000000,8823000000,6076000000,6107000000,-435000000,5672000000,https://www.sec.gov/Archives/edgar/data/789019/000119312509212454/0001193125-09-212454-index.htm,https://www.sec.gov/Archives/edgar/data/789019/000119312509158735/d10k.htm
2009-06-30,MSFT,USD,0000789019,2009-07-30,2009-07-30 06:05:07,2009,Q4,3045000000,681000000,300000000,416000000,-2605000000,-1820000000,0,0,-471000000,2004000000,3841000000,-867000000,-41000000,-14245000000,8226000000,-930000000,-7857000000,0,143000000,-22000000,-1158000000,3736000000,2699000000,108000000,-1209000000,6076000000,7285000000,3841000000,-867000000,2974000000,https://www.sec.gov/Archives/edgar/data/789019/000119312509158735/0001193125-09-158735-index.htm,https://www.sec.gov/Archives/edgar/data/789019/000119312509158735/d10k.htm
2009-03-31,MSFT,USD,0000789019,2009-04-23,2009-04-23 16:12:00,2009,Q3,2977000000,664000000,-368000000,0,2605000000,0,0,0,688000000,166000000,6044000000,-632000000,0,-11763000000,4242000000,2144000000,-6009000000,0,112000000,-18000000,-1155000000,1000000,-1060000000,-36000000,-1061000000,7285000000,8346000000,6044000000,-632000000,5412000000,https://www.sec.gov/Archives/edgar/data/789019/000119312509085779/0001193125-09-085779-index.htm,https://www.sec.gov/Archives/edgar/data/789019/000119312509085779/d10q.htm
2008-12-31,MSFT,USD,0000789019,2009-01-22,2009-01-22 09:02:23,2009,Q2,4174000000,632000000,454000000,0,363000000,0,0,0,599000000,159000000,5782000000,-842000000,-450000000,-6596000000,5990000000,-601000000,-2499000000,0,96000000,-2820000000,-1157000000,23000000,-3858000000,-83000000,-658000000,8346000000,9004000000,5782000000,-842000000,4940000000,https://www.sec.gov/Archives/edgar/data/789019/000119312509009386/0001193125-09-009386-index.htm,https://www.sec.gov/Archives/edgar/data/789019/000119312509009386/d10q.htm
2008-09-30,MSFT,USD,0000789019,2008-10-23,2008-10-23 16:11:32,2009,Q1,4373000000,585000000,376000000,0,-541000000,0,0,0,584000000,-1423000000,3370000000,-778000000,-377000000,-4246000000,7539000000,-1543000000,595000000,0,228000000,-6493000000,-998000000,2019000000,-5244000000,-56000000,-1335000000,9004000000,10339000000,3370000000,-778000000,2592000000,https://www.sec.gov/Archives/edgar/data/789019/000119312508215207/0001193125-08-215207-index.htm,https://www.sec.gov/Archives/edgar/data/789019/000119312508162768/d10k.htm
2008-06-30,MSFT,USD,0000789019,2008-07-31,2008-07-31 17:23:18,2008,Q4,4297000000,608000000,152000000,0,-3892000000,0,0,0,1015000000,2920000000,4085000000,-1218000000,-2086000000,-5159000000,7822000000,138000000,-503000000,0,245000000,-4306000000,-1020000000,9000000,-5072000000,9000000,-1481000000,10339000000,11820000000,4085000000,-1218000000,2867000000,https://www.sec.gov/Archives/edgar/data/789019/000119312508162768/0001193125-08-162768-index.htm,https://www.sec.gov/Archives/edgar/data/789019/000119312508162768/d10k.htm
2008-03-31,MSFT,USD,0000789019,2008-04-24,2008-04-24 16:16:28,2008,Q3,4388000000,532000000,103000000,0,1874000000,0,0,0,-1303000000,185000000,7082000000,-759000000,-138000000,-3481000000,3291000000,309000000,-778000000,0,268000000,-1240000000,-1023000000,9000000,-1986000000,42000000,4360000000,11820000000,7460000000,7082000000,-759000000,6323000000,https://www.sec.gov/Archives/edgar/data/789019/000119312508089362/0001193125-08-089362-index.htm,https://www.sec.gov/Archives/edgar/data/789019/000119312508089362/d10q.htm
2007-12-31,MSFT,USD,0000789019,2008-01-24,2008-01-24 16:17:33,2008,Q2,4707000000,481000000,323000000,0,-2281000000,0,0,0,-465000000,1337000000,4567000000,-695000000,-433000000,-6317000000,7166000000,-770000000,-1049000000,0,2335000000,-4057000000,-1034000000,33000000,-2723000000,28000000,823000000,7460000000,6637000000,4567000000,-695000000,3872000000,https://www.sec.gov/Archives/edgar/data/789019/000119312508011476/0001193125-08-011476-index.htm,https://www.sec.gov/Archives/edgar/data/789019/000119312508011476/d10q.htm
2007-09-30,MSFT,USD,0000789019,2007-10-25,2007-10-25 16:12:14,2008,Q1,4289000000,435000000,357000000,0,1864000000,0,0,0,482000000,-1067000000,5878000000,-510000000,-5396000000,-5997000000,9450000000,196000000,-2257000000,0,646000000,-2930000000,-938000000,69000000,-3153000000,58000000,526000000,6637000000,6111000000,5878000000,-510000000,5368000000,https://www.sec.gov/Archives/edgar/data/789019/000119312507225854/0001193125-07-225854-index.htm,https://www.sec.gov/Archives/edgar/data/789019/000119312507170817/d10k.htm
2007-06-30,MSFT,USD,0000789019,2007-08-03,2007-08-03 17:13:48,2007,Q4,3035000000,381000000,-209000000,0,-15209000000,0,0,0,-12888000000,16404000000,4402000000,-820000000,-648000000,-7094000000,9927000000,-290000000,1075000000,0,1164000000,-7217000000,-952000000,22000000,-6983000000,6000000,-1500000000,6111000000,7611000000,4402000000,-820000000,3582000000,https://www.sec.gov/Archives/edgar/data/789019/000119312507170817/0001193125-07-170817-index.htm,https://www.sec.gov/Archives/edgar/data/789019/000119312507170817/d10k.htm
2007-03-31,MSFT,USD,0000789019,2007-04-26,2007-04-26 16:11:25,2007,Q3,4926000000,445000000,981000000,0,16053000000,0,0,0,13819000000,-15114000000,7291000000,-461000000,-41000000,-7257000000,7952000000,318000000,511000000,0,784000000,-6878000000,-976000000,7000000,-7063000000,13000000,752000000,7611000000,6859000000,7291000000,-461000000,6830000000,https://www.sec.gov/Archives/edgar/data/789019/000119312507091808/0001193125-07-091808-index.htm,https://www.sec.gov/Archives/edgar/data/789019/000119312507091808/d10q.htm
2006-12-31,MSFT,USD,0000789019,2007-01-25,2007-01-25 16:10:22,2007,Q2,2626000000,365000000,-517000000,0,-1763000000,0,0,0,813000000,1331000000,2042000000,-572000000,-125000000,-9102000000,8773000000,-932000000,-1958000000,0,4449000000,-5797000000,-980000000,5000000,-2323000000,22000000,-2217000000,6859000000,9076000000,2042000000,-572000000,1470000000,https://www.sec.gov/Archives/edgar/data/789019/000119312507013034/0001193125-07-013034-index.htm,https://www.sec.gov/Archives/edgar/data/789019/000119312507013034/d10q.htm
2006-09-30,MSFT,USD,0000789019,2006-10-26,2006-10-26 16:15:38,2007,Q1,3478000000,249000000,166000000,0,-42000000,0,0,0,-621000000,210000000,4061000000,-411000000,-336000000,-12855000000,19535000000,528000000,6461000000,0,385000000,-7683000000,-897000000,20000000,-8175000000,15000000,2362000000,9076000000,6714000000,4061000000,-411000000,3650000000,https://www.sec.gov/Archives/edgar/data/789019/000119312506215912/0001193125-06-215912-index.htm,https://www.sec.gov/Archives/edgar/data/789019/000119312506180008/d10k.htm
2006-06-30,MSFT,USD,0000789019,2006-08-25,2006-08-25 17:13:53,2006,Q4,2828000000,261000000,448000000,0,-2599000000,0,0,0,493000000,2343000000,3281000000,-745000000,-316000000,-5474000000,8494000000,1780000000,3739000000,0,125000000,-3981000000,-917000000,89000000,-4684000000,27000000,2363000000,6714000000,4351000000,3281000000,-745000000,2536000000,https://www.sec.gov/Archives/edgar/data/789019/000119312506180008/0001193125-06-180008-index.htm,https://www.sec.gov/Archives/edgar/data/789019/000119312506180008/d10k.htm
2006-03-31,MSFT,USD,0000789019,2006-04-27,2006-04-27 16:11:19,2006,Q3,2977000000,177000000,-271000000,0,1333000000,0,0,0,266000000,347000000,4563000000,-302000000,-83000000,-10082000000,9963000000,1337000000,833000000,0,0,-4675000000,-925000000,465000000,-5135000000,7000000,268000000,4351000000,4083000000,4563000000,-302000000,4261000000,https://www.sec.gov/Archives/edgar/data/789019/000119312506091033/0001193125-06-091033-index.htm,https://www.sec.gov/Archives/edgar/data/789019/000119312506091033/d10q.htm
2005-12-31,MSFT,USD,0000789019,2006-01-26,2006-01-26 16:10:05,2006,Q2,3653000000,231000000,170000000,0,-2297000000,0,0,0,158000000,474000000,2231000000,-318000000,-63000000,-16151000000,23224000000,0,6692000000,0,0,-7435000000,-846000000,479000000,-7802000000,-12000000,1109000000,4083000000,2974000000,2231000000,-318000000,1913000000,https://www.sec.gov/Archives/edgar/data/789019/000119312506012779/0001193125-06-012779-index.htm,https://www.sec.gov/Archives/edgar/data/789019/000119312506012779/d10q.htm
2005-09-30,MSFT,USD,0000789019,2005-10-27,2005-10-27 16:16:19,2006,Q1,3141000000,234000000,-128000000,0,1166000000,0,0,0,307000000,-84000000,4329000000,-213000000,-187000000,-19410000000,16549000000,0,-3261000000,0,1001000000,-3116000000,-857000000,31000000,-2941000000,-4000000,-1877000000,2974000000,4851000000,4329000000,-213000000,4116000000,https://www.sec.gov/Archives/edgar/data/789019/000119312505209978/0001193125-05-209978-index.htm,https://www.sec.gov/Archives/edgar/data/789019/000119312505174825/d10k.htm
2005-06-30,MSFT,USD,0000789019,2005-08-26,2005-08-25 19:59:54,2005,Q4,3700000000,282000000,-248000000,0,-2636000000,0,0,0,31860000000,2878000000,3976000000,-260000000,-195000000,-9247000000,10561000000,0,859000000,0,1473000000,-4306000000,-859000000,-18000000,-3710000000,-56000000,1069000000,4851000000,3782000000,3976000000,-260000000,3716000000,https://www.sec.gov/Archives/edgar/data/789019/000119312505174825/0001193125-05-174825-index.htm,https://www.sec.gov/Archives/edgar/data/789019/000119312505174825/d10k.htm
2005-03-31,MSFT,USD,0000789019,2005-04-28,2005-04-28 16:14:24,2005,Q3,2563000000,282000000,-292000000,0,2048000000,0,0,0,184000000,402000000,5003000000,-203000000,-11000000,-13177000000,12258000000,0,-1133000000,0,354000000,-2427000000,-885000000,0,-2958000000,-8000000,-774000000,3782000000,4556000000,5003000000,-203000000,4800000000,https://www.sec.gov/Archives/edgar/data/789019/000119312505088562/0001193125-05-088562-index.htm,https://www.sec.gov/Archives/edgar/data/789019/000119312505088562/d10q.htm
2004-12-31,MSFT,USD,0000789019,2005-01-27,2005-01-27 16:07:11,2005,Q2,3463000000,108000000,68000000,0,-932000000,0,0,0,76000000,912000000,3619000000,-176000000,0,-16013000000,39604000000,-1000000,23414000000,0,795000000,-969000000,-33498000000,0,-33672000000,54000000,-6585000000,4556000000,11141000000,3619000000,-176000000,3443000000,https://www.sec.gov/Archives/edgar/data/789019/000119312505013133/0001193125-05-013133-index.htm,https://www.sec.gov/Archives/edgar/data/789019/000119312505013133/d10q.htm
2004-09-30,MSFT,USD,0000789019,2004-11-09,2004-11-08 19:47:03,2005,Q1,2528000000,183000000,293000000,0,428000000,0,0,0,-31000000,575000000,4007000000,-173000000,0,-29608000000,21668000000,0,-8113000000,0,487000000,-355000000,-870000000,0,-738000000,3000000,-4841000000,11141000000,15982000000,4007000000,-173000000,3834000000,https://www.sec.gov/Archives/edgar/data/789019/000119312504189841/0001193125-04-189841-index.htm,https://www.sec.gov/Archives/edgar/data/789019/000119312504150689/d10k.htm
2004-06-30,MSFT,USD,0000789019,2004-09-01,2004-09-01 17:03:00,2004,Q4,2690000000,309000000,-554000000,0,-2407000000,0,0,0,-605000000,1620000000,1658000000,-557000000,0,-25940000000,30187000000,0,3690000000,0,1296000000,0,0,0,1296000000,-10000000,6634000000,15982000000,9348000000,1658000000,-557000000,1101000000,https://www.sec.gov/Archives/edgar/data/789019/000119312504150689/0001193125-04-150689-index.htm,https://www.sec.gov/Archives/edgar/data/789019/000119312504150689/d10k.htm
2004-03-31,MSFT,USD,0000789019,2004-05-03,2004-05-03 17:05:33,2004,Q3,1315000000,249000000,54000000,0,4468000000,0,0,0,1757000000,-1116000000,4970000000,-213000000,0,-19580000000,19055000000,0,-738000000,0,568000000,-1608000000,0,0,-1040000000,7000000,3199000000,9348000000,6149000000,4970000000,-213000000,4757000000,https://www.sec.gov/Archives/edgar/data/789019/000119312504076795/0001193125-04-076795-index.htm,https://www.sec.gov/Archives/edgar/data/789019/000119312504076795/d10q.htm
2003-12-31,MSFT,USD,0000789019,2004-02-06,2004-02-06 14:12:45,2004,Q2,1549000000,300000000,-985000000,0,651000000,0,0,0,-208000000,3059000000,4574000000,-172000000,0,-22377000000,20600000000,0,-1949000000,0,189000000,-730000000,0,-1729000000,-2270000000,26000000,381000000,6149000000,5768000000,4574000000,-172000000,4402000000,https://www.sec.gov/Archives/edgar/data/789019/000119312504016249/0001193125-04-016249-index.htm,https://www.sec.gov/Archives/edgar/data/789019/000119312504016249/d10q.htm
2003-09-30,MSFT,USD,0000789019,2003-11-13,2003-11-13 17:21:58,2004,Q1,2614000000,328000000,6000000,0,-749000000,0,0,0,-835000000,1225000000,3424000000,-167000000,-4000000,-24598000000,21021000000,0,-3748000000,0,695000000,-1045000000,0,0,-350000000,4000000,-670000000,5768000000,6438000000,3424000000,-167000000,3257000000,https://www.sec.gov/Archives/edgar/data/789019/000119312503080353/0001193125-03-080353-index.htm,https://www.sec.gov/Archives/edgar/data/789019/000119312503045632/d10k.htm
2003-06-30,MSFT,USD,0000789019,2003-09-05,2003-09-04 19:42:47,2003,Q4,1921000000,472000000,685000000,0,-546000000,0,0,0,501000000,157000000,2689000000,-273000000,-172000000,-18424000000,18779000000,0,-90000000,0,731000000,-1214000000,0,0,-483000000,22000000,2138000000,6438000000,4300000000,2689000000,-273000000,2416000000,https://www.sec.gov/Archives/edgar/data/789019/000119312503045632/0001193125-03-045632-index.htm,https://www.sec.gov/Archives/edgar/data/789019/000119312503045632/d10k.htm
2003-03-31,MSFT,USD,0000789019,2003-05-12,2003-05-12 17:14:38,2003,Q3,2794000000,375000000,503000000,0,185000000,0,0,0,-305000000,312000000,4169000000,-182000000,-12000000,-25106000000,21093000000,0,-4207000000,0,485000000,-839000000,0,-857000000,-1211000000,-3000000,-1252000000,4300000000,5552000000,4169000000,-182000000,3987000000,https://www.sec.gov/Archives/edgar/data/789019/000103221003000809/0001032210-03-000809-index.htm,https://www.sec.gov/Archives/edgar/data/789019/000103221003000809/d10q.htm
2002-12-31,MSFT,USD,0000789019,2003-01-31,2003-01-31 17:23:05,2003,Q2,2552000000,295000000,-241000000,0,-275000000,0,0,0,45000000,436000000,2767000000,-276000000,-9000000,-19406000000,17672000000,0,-2019000000,0,365000000,-936000000,0,0,-571000000,37000000,214000000,5552000000,5338000000,2767000000,-276000000,2491000000,https://www.sec.gov/Archives/edgar/data/789019/000103221003000121/0001032210-03-000121-index.htm,https://www.sec.gov/Archives/edgar/data/789019/000103221003000121/d10q.htm
2002-09-30,MSFT,USD,0000789019,2002-11-14,2002-11-14 16:16:23,2003,Q1,2726000000,297000000,-611000000,0,2909000000,0,0,0,1398000000,851000000,6172000000,-160000000,-870000000,-26685000000,26818000000,0,-897000000,0,539000000,-3497000000,0,0,-2958000000,5000000,2322000000,5338000000,3016000000,6172000000,-160000000,6012000000,https://www.sec.gov/Archives/edgar/data/789019/000103221002001614/0001032210-02-001614-index.htm,https://www.sec.gov/Archives/edgar/data/789019/000103221002001351/d10k.htm
2002-06-30,MSFT,USD,0000789019,2002-09-06,2002-09-05 20:20:11,2002,Q4,1525000000,359000000,301000000,0,-422000000,0,0,0,794000000,1671000000,3434000000,-282000000,0,-29138000000,27720000000,0,-1700000000,0,286000000,-4127000000,0,0,-3841000000,7000000,-2100000000,3016000000,5116000000,3434000000,-282000000,3152000000,https://www.sec.gov/Archives/edgar/data/789019/000103221002001351/0001032210-02-001351-index.htm,https://www.sec.gov/Archives/edgar/data/789019/000103221002001351/d10k.htm
2002-03-31,MSFT,USD,0000789019,2002-03-31,2002-03-30 19:00:00,2002,Q3,2738000000,148000000,144000000,0,955000000,0,0,0,477000000,136000000,4121000000,-166000000,0,-27809000000,23979000000,0,-3996000000,0,425000000,-676000000,0,0,-251000000,-14000000,-140000000,5116000000,5256000000,4121000000,-166000000,3955000000,,
2001-12-31,MSFT,USD,0000789019,2002-03-25,2002-03-25 00:00:00,2002,Q2,2283000000,295000000,-22000000,0,728000000,0,0,0,1037000000,281000000,3565000000,-172000000,0,-16419000000,14911000000,0,-1680000000,0,395000000,-141000000,0,0,254000000,4000000,2143000000,5256000000,3113000000,3565000000,-172000000,3393000000,https://www.sec.gov/Archives/edgar/data/789019/000103221002000453/0001032210-02-000453-index.htm,https://www.sec.gov/Archives/edgar/data/789019/000103221002000453/d10qa.txt
2001-09-30,MSFT,USD,0000789019,2001-10-26,2001-10-26 00:00:00,2002,Q1,1283000000,282000000,-839000000,0,731000000,0,0,0,122000000,1932000000,3389000000,-150000000,0,-16020000000,12701000000,0,-3469000000,0,391000000,-1125000000,0,0,-734000000,5000000,-809000000,3113000000,3922000000,3389000000,-150000000,3239000000,https://www.sec.gov/Archives/edgar/data/789019/000103221001501233/0001032210-01-501233-index.html,https://www.sec.gov/Archives/edgar/data/789019/000103221001501233/d10q.txt
2001-06-30,MSFT,USD,0000789019,2001-09-18,2001-09-18 00:00:00,2001,Q4,65000000,564000000,-1777000000,0,768000000,0,0,0,10000000,3959000000,3579000000,-322000000,0,-16380000000,14553000000,0,-2149000000,0,525000000,-2391000000,0,235000000,-1631000000,0,-227000000,3922000000,4149000000,3579000000,-322000000,3257000000,https://www.sec.gov/Archives/edgar/data/789019/000103221001501099/0001032210-01-501099-index.html,https://www.sec.gov/Archives/edgar/data/789019/000103221001501099/d10k.txt
2001-03-31,MSFT,USD,0000789019,2001-05-15,2001-05-15 00:00:00,2001,Q3,2451000000,483000000,361000000,0,753000000,0,0,0,28049000000,-34000000,4014000000,-264000000,0,-23491000000,21374000000,0,-2381000000,0,397000000,-1420000000,0,0,-1023000000,0,618000000,4149000000,3531000000,4014000000,-264000000,3750000000,https://www.sec.gov/Archives/edgar/data/789019/000103221001500604/0001032210-01-500604-index.html,https://www.sec.gov/Archives/edgar/data/789019/000103221001500604/d10q.txt
2000-12-31,MSFT,USD,0000789019,2001-02-14,2001-02-14 00:00:00,2001,Q2,2624000000,239000000,388000000,0,-940000000,0,0,0,25391000000,558000000,2869000000,-272000000,0,-12752000000,12756000000,0,-268000000,0,242000000,-1878000000,0,0,-1636000000,-75000000,890000000,3531000000,2641000000,2869000000,-272000000,2597000000,https://www.sec.gov/Archives/edgar/data/789019/000103221001000273/0001032210-01-000273-index.html,https://www.sec.gov/Archives/edgar/data/789019/000103221001000273/0001032210-01-000273-0001.txt
2000-09-30,MSFT,USD,0000789019,2000-11-14,2000-11-14 00:00:00,2001,Q1,2206000000,250000000,608000000,0,-283000000,0,0,0,22087000000,179000000,2960000000,-245000000,0,-13723000000,10032000000,0,-3936000000,0,456000000,-1752000000,0,0,-1296000000,67000000,-2205000000,2641000000,4846000000,2960000000,-245000000,2715000000,https://www.sec.gov/Archives/edgar/data/789019/000103221000500038/0001032210-00-500038-index.html,https://www.sec.gov/Archives/edgar/data/789019/000103221000500038/0001032210-00-500038-0001.txt
2000-06-30,MSFT,USD,0000789019,2000-09-28,2000-09-28 00:00:00,2000,Q4,2409000000,-292000000,0,0,122000000,0,0,0,20553000000,5315000000,7554000000,-262000000,0,-13914000000,9842000000,0,-4334000000,0,495000000,-24000000,0,-4002000000,-3531000000,-35000000,-346000000,4846000000,5192000000,7554000000,-262000000,7292000000,https://www.sec.gov/Archives/edgar/data/789019/000103221000001961/0001032210-00-001961-index.html,https://www.sec.gov/Archives/edgar/data/789019/000103221000001961/0001032210-00-001961-0001.txt
2000-03-31,MSFT,USD,0000789019,2000-05-12,2000-05-12 00:00:00,2000,Q3,2385000000,275000000,0,0,-611000000,0,0,0,14114000000,220000000,2269000000,-246000000,0,-10485000000,6395000000,0,-4336000000,0,837000000,-20000000,0,1366000000,2183000000,44000000,160000000,5192000000,5032000000,2269000000,-246000000,2023000000,https://www.sec.gov/Archives/edgar/data/789019/000103221000001019/0001032210-00-001019-index.html,https://www.sec.gov/Archives/edgar/data/789019/0001032210-00-001019.txt
1999-12-31,MSFT,USD,0000789019,1999-12-31,1999-12-30 19:00:00,2000,Q2,2436000000,325000000,0,0,-723000000,0,0,0,11516000000,110000000,2148000000,-232000000,0,-11532000000,11627000000,0,-137000000,0,634000000,-3818000000,-6000000,1421000000,-1769000000,1000000,243000000,5032000000,4789000000,2148000000,-232000000,1916000000,,
1999-09-30,MSFT,USD,0000789019,1999-09-30,1999-09-29 20:00:00,2000,Q1,2191000000,440000000,0,0,-375000000,0,0,0,13631000000,-266000000,1990000000,-139000000,0,-7227000000,4246000000,0,-3120000000,0,751000000,-1034000000,-7000000,1215000000,925000000,19000000,-186000000,4789000000,4975000000,1990000000,-139000000,1851000000,,
1999-06-30,MSFT,USD,0000789019,1999-06-30,1999-06-29 20:00:00,1999,Q4,2202000000,496000000,0,0,1220000000,0,0,0,11515000000,-1307000000,2611000000,-292000000,0,-30909000000,0,27653000000,-3548000000,0,257000000,-1423000000,-7000000,869000000,-304000000,13000000,-1228000000,4975000000,6203000000,2611000000,-292000000,2319000000,,
1999-03-31,MSFT,USD,0000789019,1999-05-14,1999-05-13 20:00:00,1999,Q3,1917000000,158000000,0,0,-34000000,0,0,0,16219000000,643000000,2684000000,-50000000,0,-2539000000,0,-1134000000,-3723000000,0,890000000,-755000000,-7000000,1020000000,1148000000,-19000000,90000000,6203000000,6113000000,2684000000,-50000000,2634000000,https://www.sec.gov/Archives/edgar/data/789019/0001032210-99-000791-index.html,https://www.sec.gov/Archives/edgar/data/789019/
1998-12-31,MSFT,USD,0000789019,1998-12-31,1998-12-30 19:00:00,1999,Q2,1983000000,177000000,0,0,-428000000,0,0,0,14338000000,419000000,2151000000,-135000000,0,-1183000000,0,-730000000,-2048000000,0,428000000,-268000000,-7000000,627000000,780000000,39000000,922000000,6113000000,5191000000,2151000000,-135000000,2016000000,,
1998-09-30,MSFT,USD,0000789019,1998-11-12,1998-11-12 00:00:00,1999,Q1,1683000000,179000000,0,0,637000000,0,0,0,12519000000,85000000,2584000000,-106000000,0,-1810000000,0,44000000,-1872000000,0,541000000,-504000000,-7000000,591000000,621000000,19000000,1352000000,5191000000,3839000000,2584000000,-106000000,2478000000,https://www.sec.gov/Archives/edgar/data/789019/000103221098001218/0001032210-98-001218-index.html,https://www.sec.gov/Archives/edgar/data/789019/0001032210-98-001218.txt
1998-06-30,MSFT,USD,0000789019,1998-06-30,1998-06-29 20:00:00,1998,Q4,1357000000,248000000,0,0,874000000,0,0,0,10159000000,-1045000000,1434000000,-241000000,0,-1876000000,0,158000000,-1959000000,0,-79000000,-863000000,-7000000,1181000000,232000000,22000000,-271000000,3839000000,4110000000,1434000000,-241000000,1193000000,,
1998-03-31,MSFT,USD,0000789019,1998-03-31,1998-03-30 19:00:00,1998,Q3,1337000000,279000000,0,0,-559000000,0,0,0,8866000000,1045000000,2102000000,-147000000,0,-689000000,0,-592000000,-1428000000,0,710000000,-9000000,-7000000,178000000,872000000,-18000000,1528000000,4110000000,2582000000,2102000000,-147000000,1955000000,,
1997-12-31,MSFT,USD,0000789019,1997-12-31,1997-12-30 19:00:00,1998,Q2,1133000000,269000000,0,0,-34000000,0,0,0,7140000000,296000000,1664000000,-151000000,0,-1834000000,0,-709000000,-2694000000,0,121000000,-683000000,-7000000,253000000,-316000000,-17000000,-1363000000,2582000000,3945000000,1664000000,-151000000,1513000000,,
1997-09-30,MSFT,USD,0000789019,1997-10-29,1997-10-29 00:00:00,1998,Q1,663000000,228000000,0,0,789000000,0,0,0,6936000000,0,1680000000,-117000000,0,-429000000,0,-645000000,-1191000000,0,207000000,-913000000,-7000000,479000000,-234000000,-16000000,239000000,3945000000,3706000000,1680000000,-117000000,1563000000,https://www.sec.gov/Archives/edgar/data/789019/000089843097004575/0000898430-97-004575-index.html,https://www.sec.gov/Archives/edgar/data/789019/0000898430-97-004575.txt
1997-06-30,MSFT,USD,0000789019,1997-09-29,1997-09-29 00:00:00,1997,Q4,1057000000,143000000,0,0,-130000000,0,0,0,6763000000,0,1070000000,-173000000,0,-26000000,0,-1514000000,-1713000000,0,191000000,-126000000,-8000000,409000000,466000000,31000000,466000000,0,0,1070000000,-173000000,897000000,https://www.sec.gov/Archives/edgar/data/789019/000101706297001764/0001017062-97-001764-index.html,https://www.sec.gov/Archives/edgar/data/789019/0001017062-97-001764.txt
1997-03-31,MSFT,USD,0000789019,1997-05-15,1997-05-15 00:00:00,1997,Q3,1042000000,108000000,0,0,468000000,0,0,0,6745000000,0,1618000000,-110000000,0,830000000,0,-89000000,631000000,0,239000000,-1951000000,0,249000000,-1463000000,-30000000,-1463000000,0,0,1618000000,-110000000,1508000000,https://www.sec.gov/Archives/edgar/data/789019/000089102097000879/0000891020-97-000879-index.html,https://www.sec.gov/Archives/edgar/data/789019/0000891020-97-000879.txt
1996-12-31,MSFT,USD,0000789019,1996-12-31,1996-12-30 19:00:00,1997,Q2,741000000,144000000,0,0,333000000,0,0,0,7298000000,0,1218000000,-117000000,0,0,0,-1894000000,-2011000000,0,1079000000,-327000000,0,120000000,872000000,-1000000,872000000,0,0,1218000000,-117000000,1101000000,,
1996-09-30,MSFT,USD,0000789019,1996-11-14,1996-11-14 00:00:00,1997,Q1,614000000,162000000,0,0,7000000,0,0,0,5569000000,0,783000000,-99000000,0,0,259000000,-156000000,4000000,0,215000000,-697000000,0,106000000,-376000000,6000000,-376000000,0,2601000000,783000000,-99000000,684000000,https://www.sec.gov/Archives/edgar/data/789019/000089102096001463/0000891020-96-001463-index.html,https://www.sec.gov/Archives/edgar/data/789019/0000891020-96-001463.txt
1996-06-30,MSFT,USD,0000789019,1996-09-27,1996-09-27 00:00:00,1996,Q4,559000000,144000000,0,0,210000000,0,0,0,5414000000,0,913000000,-158000000,0,-506000000,0,-368000000,-1032000000,0,120000000,-461000000,0,109000000,-232000000,15000000,-232000000,0,0,913000000,-158000000,755000000,https://www.sec.gov/Archives/edgar/data/789019/000089102096001130/0000891020-96-001130-index.html,https://www.sec.gov/Archives/edgar/data/789019/0000891020-96-001130.txt
1996-03-31,MSFT,USD,0000789019,1996-05-15,1996-05-15 00:00:00,1996,Q3,562000000,189000000,0,0,154000000,0,73000000,0,5432000000,0,905000000,-132000000,0,-139000000,0,-54000000,-325000000,0,211000000,-328000000,0,172000000,55000000,-21000000,55000000,0,0,905000000,-132000000,773000000,https://www.sec.gov/Archives/edgar/data/789019/000089102096000492/0000891020-96-000492-index.html,https://www.sec.gov/Archives/edgar/data/789019/0000891020-96-000492.txt
1995-12-31,MSFT,USD,0000789019,1996-02-13,1996-02-13 00:00:00,1996,Q2,575000000,78000000,0,0,748000000,0,17000000,0,4862000000,0,1401000000,-88000000,0,-536000000,0,-105000000,-729000000,0,75000000,-343000000,0,13000000,-255000000,0,-255000000,0,0,1401000000,-88000000,1313000000,https://www.sec.gov/Archives/edgar/data/789019/000089102096000086/0000891020-96-000086-index.html,https://www.sec.gov/Archives/edgar/data/789019/0000891020-96-000086.txt
1995-09-30,MSFT,USD,0000789019,1995-11-14,1995-11-14 00:00:00,1996,Q1,499000000,69000000,0,0,-68000000,0,-37000000,0,4658000000,0,500000000,-116000000,0,-370000000,0,-98000000,-584000000,0,98000000,-129000000,0,58000000,27000000,1000000,27000000,0,1962000000,500000000,-116000000,384000000,https://www.sec.gov/Archives/edgar/data/789019/000089102095000534/0000891020-95-000534-index.html,https://www.sec.gov/Archives/edgar/data/789019/0000891020-95-000534.txt
1995-06-30,MSFT,USD,0000789019,1995-09-25,1995-09-25 00:00:00,1995,Q4,368000000,66000000,0,0,78000000,0,-2000000,0,4273000000,0,512000000,-223000000,0,472000000,0,-139000000,110000000,0,-50000000,15000000,0,179000000,144000000,-9000000,144000000,0,0,512000000,-223000000,289000000,https://www.sec.gov/Archives/edgar/data/789019/000089102095000433/0000891020-95-000433-index.html,https://www.sec.gov/Archives/edgar/data/789019/0000891020-95-000433.txt
1995-03-31,MSFT,USD,0000789019,1995-05-12,1995-05-12 00:00:00,1995,Q3,396000000,70000000,0,0,177000000,0,34000000,0,4102000000,0,643000000,-102000000,0,-338000000,0,-1000000,-441000000,0,164000000,-104000000,0,0,60000000,26000000,60000000,0,0,643000000,-102000000,541000000,https://www.sec.gov/Archives/edgar/data/789019/000089102095000161/0000891020-95-000161-index.html,https://www.sec.gov/Archives/edgar/data/789019/0000891020-95-000161.txt
1994-12-31,MSFT,USD,0000789019,1995-02-14,1995-02-14 00:00:00,1995,Q2,373000000,66000000,0,0,6000000,0,-10000000,0,3600000000,0,445000000,-103000000,0,-472000000,0,-55000000,-630000000,0,98000000,-318000000,0,0,-220000000,-4000000,-220000000,0,0,445000000,-103000000,342000000,https://www.sec.gov/Archives/edgar/data/789019/000089102095000027/0000891020-95-000027-index.html,https://www.sec.gov/Archives/edgar/data/789019/0000891020-95-000027.txt
1994-09-30,MSFT,USD,0000789019,1994-11-14,1994-11-14 00:00:00,1995,Q1,316000000,67000000,0,0,7000000,0,-7000000,0,3550000000,0,390000000,-67000000,0,-313000000,0,-35000000,-415000000,0,120000000,-242000000,0,0,-122000000,-4000000,-122000000,0,1477000000,390000000,-67000000,323000000,https://www.sec.gov/Archives/edgar/data/789019/000089102094000198/0000891020-94-000198-index.html,https://www.sec.gov/Archives/edgar/data/789019/0000891020-94-000198.txt
1994-06-30,MSFT,USD,0000789019,1994-09-27,1994-09-27 00:00:00,1994,Q4,362000000,76000000,0,0,67000000,0,28000000,0,3399000000,0,505000000,-87000000,0,-146000000,0,-32000000,-265000000,0,129000000,-37000000,0,0,92000000,-7000000,92000000,0,0,505000000,-87000000,418000000,https://www.sec.gov/Archives/edgar/data/789019/000089102094000175/0000891020-94-000175-index.html,https://www.sec.gov/Archives/edgar/data/789019/0000891020-94-000175.txt
1994-03-31,MSFT,USD,0000789019,1994-05-03,1994-05-03 00:00:00,1994,Q3,256000000,73000000,0,0,94000000,0,0,0,2998000000,0,423000000,-69000000,0,-146000000,0,-13000000,-228000000,0,148000000,-147000000,0,0,1000000,5000000,1000000,0,0,423000000,-69000000,354000000,https://www.sec.gov/Archives/edgar/data/789019/000089102094000070/0000891020-94-000070-index.html,https://www.sec.gov/Archives/edgar/data/789019/0000891020-94-000070.txt
1993-12-31,MSFT,USD,0000789019,1994-02-14,1994-02-13 19:00:00,1994,Q2,289000000,47000000,0,0,13000000,0,-36000000,0,2742000000,0,349000000,-63000000,0,-156000000,0,-16000000,-235000000,0,88000000,-92000000,0,0,-4000000,-2000000,-4000000,0,0,349000000,-63000000,286000000,https://www.sec.gov/Archives/edgar/data/789019/0000950109-94-000252-index.html,https://www.sec.gov/Archives/edgar/data/789019/
1993-09-30,MSFT,USD,0000789019,1993-09-30,1993-09-29 20:00:00,1994,Q1,239000000,41000000,0,0,36000000,0,31000000,0,2492000000,0,316000000,-59000000,0,-412000000,0,-3000000,-474000000,0,66000000,-72000000,0,0,-6000000,-6000000,-6000000,0,1013000000,316000000,-59000000,257000000,,
1993-06-30,MSFT,USD,0000789019,1993-06-30,1993-06-29 20:00:00,1993,Q4,265000000,39000000,0,0,97000000,0,-10000000,0,2287000000,0,401000000,-75000000,0,-102000000,0,-5000000,-182000000,0,85000000,-105000000,0,0,-20000000,-41000000,-20000000,0,0,401000000,-75000000,326000000,,
1993-03-31,MSFT,USD,0000789019,1993-03-31,1993-03-30 19:00:00,1993,Q3,243000000,38000000,0,0,-15000000,0,-18000000,0,2097000000,0,266000000,-61000000,0,-212000000,0,-10000000,-283000000,0,98000000,-65000000,0,0,33000000,-1000000,33000000,0,0,266000000,-61000000,205000000,,
1992-12-31,MSFT,USD,0000789019,1992-12-31,1992-12-30 19:00:00,1993,Q2,236000000,36000000,0,0,-52000000,0,-21000000,0,1864000000,0,220000000,-51000000,0,-295000000,0,4000000,-342000000,0,170000000,0,0,0,170000000,-21000000,170000000,0,0,220000000,-51000000,169000000,,
1992-09-30,MSFT,USD,0000789019,1992-09-30,1992-09-29 20:00:00,1993,Q1,209000000,38000000,0,0,-60000000,0,-2000000,0,1519000000,0,187000000,-49000000,0,-114000000,0,-6000000,-169000000,0,83000000,-80000000,0,0,3000000,1000000,3000000,0,791000000,187000000,-49000000,138000000,,
1992-06-30,MSFT,USD,0000789019,1992-06-30,1992-06-29 20:00:00,1992,Q4,210100000,39300000,0,0,77400000,0,-24800000,0,1322800000,0,326800000,-67100000,0,-41700000,0,-30700000,-139500000,0,33700000,-62700000,0,-3300000,-32300000,4100000,-32300000,0,0,326800000,-67100000,259700000,,
1992-03-31,MSFT,USD,0000789019,1992-03-31,1992-03-30 19:00:00,1992,Q3,178800000,27500000,0,0,-32300000,0,-6200000,0,1195100000,0,174000000,-59500000,0,-149300000,0,-3400000,-212200000,0,102900000,-19900000,0,-6700000,76300000,-19300000,76300000,0,0,174000000,-59500000,114500000,,
1991-12-31,MSFT,USD,0000789019,1991-12-31,1991-12-30 19:00:00,1992,Q2,175200000,24800000,0,0,18300000,0,1900000,0,994400000,0,218300000,-123800000,0,9600000,0,-5800000,-120000000,0,62300000,-37400000,0,-900000,24000000,4400000,24000000,0,0,218300000,-123800000,94500000,,
1991-09-30,MSFT,USD,0000789019,1991-09-30,1991-09-29 20:00:00,1992,Q1,144000000,20700000,0,0,23200000,0,-10900000,0,886600000,0,187900000,-66200000,0,-102900000,0,-800000,-169900000,0,66200000,-15000000,0,-200000,51000000,700000,51000000,0,417200000,187900000,-66200000,121700000,,
1991-06-30,MSFT,USD,0000789019,1991-06-30,1991-06-29 20:00:00,1991,Q4,138400000,28200000,0,0,22700000,0,5600000,0,735100000,100000,189400000,-72300000,0,-60700000,0,-5500000,-138500000,0,39900000,-69000000,0,-1100000,-30200000,-300000,-30200000,0,0,189400000,-72300000,117100000,,
1991-03-31,MSFT,USD,0000789019,1991-03-31,1991-03-30 19:00:00,1991,Q3,123800000,19100000,0,0,7900000,0,8800000,0,676100000,0,150800000,-64400000,0,-12900000,0,-34100000,-111400000,0,68000000,-43300000,0,3000000,27700000,-4500000,27700000,0,0,150800000,-64400000,86400000,,
1990-12-31,MSFT,USD,0000789019,1990-12-31,1990-12-30 19:00:00,1991,Q2,112900000,15500000,0,0,-31300000,0,-4100000,0,629800000,0,97100000,-67200000,0,0,0,-67000000,-134200000,0,47200000,-39600000,0,7600000,15200000,1800000,15200000,0,0,97100000,-67200000,29900000,,
1990-09-30,MSFT,USD,0000789019,1990-09-30,1990-09-29 20:00:00,1991,Q1,87600000,13000000,0,0,20000000,0,-2200000,0,557700000,0,120600000,-60500000,0,0,62100000,1800000,3400000,0,24600000,-45100000,0,3500000,-17000000,1000000,-17000000,0,246300000,120600000,-60500000,60100000,,
1990-06-30,MSFT,USD,0000789019,1990-06-30,1990-06-29 20:00:00,1990,Q4,80000000,13800000,0,0,-36900000,0,-4700000,0,533100000,-100000,56800000,-52600000,0,-15200000,0,-9500000,-77300000,0,37200000,-30400000,0,-200000,6600000,1200000,6600000,0,0,56800000,-52600000,4200000,,
1990-03-31,MSFT,USD,0000789019,1990-03-31,1990-03-30 19:00:00,1990,Q3,75200000,12000000,0,0,5200000,0,-8100000,0,490400000,100000,92500000,-32200000,0,-39000000,0,-4900000,-76100000,0,29500000,0,0,-19500000,10000000,1300000,10000000,0,0,92500000,-32200000,60300000,,
1989-12-31,MSFT,USD,0000789019,1989-12-31,1989-12-30 19:00:00,1990,Q2,74500000,11000000,0,0,-16000000,0,-4200000,0,422800000,0,69500000,-32400000,0,-21700000,0,-3800000,-57900000,0,27900000,0,0,-18600000,9300000,800000,9300000,0,0,69500000,-32400000,37100000,,
1989-09-30,MSFT,USD,0000789019,1989-09-30,1989-09-29 20:00:00,1990,Q1,49600000,9500000,0,0,500000,0,1400000,0,342200000,-100000,59500000,-40900000,0,-18600000,0,100000,-59400000,0,15200000,0,0,2400000,17600000,-500000,17600000,0,192400000,59500000,-40900000,18600000,,
